State,,Percentage,Number
National,,9.2,2217000
National,,4.34,10770000
National,,22.3,10168000
National,,29.4,8181777
National,,10.8,5114000
National,,7.33,333346
National,,13.01,3243000
National,,23.6,11119000
National,,59,1848000
National,,3.83,954000
National,,57,26797000
National,,28.69,8153779
Youth Data,,,
State,Rank,Percentage,Number
District of Columbia,1,10.49,3000
Louisiana,2,10.76,39000
New Jersey,3,11.17,77000
Georgia,4,11.44,99000
New York,5,11.46,161000
Mississippi,6,11.56,28000
Delaware,7,11.58,8000
Alabama,8,11.9,45000
Kentucky,9,11.94,41000
Hawaii,10,11.97,11000
North Carolina,11,12.03,95000
North Dakota,12,12.13,6000
Texas,13,12.19,296000
Pennsylvania,14,12.23,113000
South Carolina,15,12.31,46000
South Dakota,16,12.56,8000
Tennessee,17,12.79,65000
Vermont,18,12.83,5000
Maryland,19,12.91,59000
Nebraska,20,13.01,20000
Arizona,21,13.06,72000
Florida,22,13.09,185000
Connecticut,23,13.16,36000
Virginia,24,13.22,83000
California,25,13.23,401000
Rhode Island,26,13.3,10000
Arkansas,27,13.36,32000
Minnesota,28,13.56,58000
Massachusetts,29,13.6,66000
Wisconsin,30,13.66,61000
Indiana,31,13.77,74000
Kansas,32,13.84,33000
Oklahoma,33,13.86,44000
Michigan,34,13.87,107000
Colorado,35,13.89,59000
New Hampshire,36,13.91,13000
Washington,37,13.98,75000
Illinois,38,14,141000
West Virginia,39,14.05,18000
Montana,40,14.07,11000
Iowa,41,14.1,34000
Wyoming,42,14.2,6000
Alaska,43,14.27,8000
Ohio,44,14.35,129000
Missouri,45,14.57,68000
New Mexico,46,14.88,25000
Nevada,47,14.97,34000
Maine,48,15.07,14000
Utah,49,15.48,47000
Idaho,50,16.22,24000
Oregon,51,16.34,48000
Youth Prevalence of MDE,,,
State,Rank,Percentage,Number
District of Columbia,1,10.53,3000
New York,2,11.4,157000
Pennsylvania,3,11.88,109000
New Jersey,4,11.95,82000
Mississippi,5,12.15,29000
Tennessee,6,12.27,63000
Georgia,7,12.52,108000
South Dakota,8,12.53,9000
Louisiana,9,12.84,46000
Hawaii,10,12.93,12000
Maryland,11,13.02,59000
Delaware,12,13.05,9000
Alabama,13,13.13,49000
Florida,14,13.17,189000
Texas,15,13.2,325000
Rhode Island,16,13.4,10000
South Carolina,17,13.56,51000
Kentucky,18,13.61,46000
California,19,13.71,415000
Ohio,20,13.73,123000
North Dakota,21,13.75,7000
Massachusetts,22,13.86,67000
Colorado,23,13.99,60000
Minnesota,24,14.04,61000
Nebraska,25,14.2,22000
Connecticut,26,14.24,39000
Virginia,27,14.28,90000
Montana,28,14.4,11000
Vermont,29,14.65,6000
West Virginia,30,14.66,18000
Arkansas,31,14.74,35000
Missouri,32,14.78,69000
Illinois,33,14.86,148000
Wyoming,34,14.91,7000
Kansas,35,14.95,35000
North Carolina,36,15.05,119000
New Hampshire,37,15.08,14000
Iowa,38,15.09,37000
Nevada,39,15.11,35000
Alaska,40,15.21,9000
Wisconsin,41,15.31,68000
Michigan,42,15.36,117000
Maine,43,15.45,14000
Washington,44,15.66,85000
Indiana,45,15.71,84000
Arizona,46,15.93,89000
Oklahoma,47,16.48,52000
Utah,48,16.64,51000
Idaho,49,16.7,26000
New Mexico,50,17.43,29000
Oregon,51,17.57,52000
National,52,13.84,3449000
Youth Ranking,,,
State,Rank,,
Vermont,1,,
Pennsylvania,2,,
District of Columbia,3,,
Maryland,4,,
Massachusetts,5,,
New Jersey,6,,
Rhode Island,7,,
Delaware,8,,
Maine,9,,
Minnesota,10,,
Ohio,11,,
New York,12,,
South Dakota,13,,
New Hampshire,14,,
Wisconsin,15,,
Louisiana,16,,
Connecticut,17,,
Mississippi,18,,
Kentucky,19,,
Virginia,20,,
Nebraska,21,,
Iowa,22,,
Hawaii,23,,
Alabama,24,,
North Dakota,25,,
Kansas,26,,
Michigan,27,,
Indiana,28,,
Georgia,29,,
Texas,30,,
Missouri,31,,
Utah,32,,
California,33,,
Tennessee,34,,
Washington,35,,
Illinois,36,,
Montana,37,,
Florida,38,,
West Virginia,39,,
Alaska,40,,
Oregon,41,,
Colorado,42,,
Wyoming,43,,
South Carolina,44,,
North Carolina,45,,
Oklahoma,46,,
Arkansas,47,,
Idaho,48,,
Arizona,49,,
New Mexico,50,,
Nevada,51,,
Substance Use Disorder in the Past Year,,,
State,Rank,Percentage,Number
Georgia,1,3.182475035,27000
Pennsylvania,2,3.185802626,29000
Indiana,3,3.291448092,18000
New Jersey,4,3.342732377,23000
Maryland,5,3.449672251,16000
Mississippi,6,3.493247299,9000
Texas,7,3.614661795,88000
Kentucky,8,3.620369457,12000
North Carolina,9,3.627702805,29000
Virginia,10,3.645123485,23000
Missouri,11,3.719937618,17000
Utah,12,3.839603996,12000
Tennessee,13,3.855519348,20000
Michigan,14,3.869633218,30000
Louisiana,15,3.886166165,14000
Hawaii,16,3.925247869,4000
Alabama,17,3.961135797,15000
Ohio,18,3.991856442,36000
New York,19,4.038806972,57000
Nebraska,20,4.048445012,6000
South Carolina,21,4.086818098,15000
Kansas,22,4.088204261,10000
Arkansas,23,4.103869488,10000
Iowa,24,4.177114319,10000
Wisconsin,25,4.231806383,19000
New Hampshire,26,4.254965351,4000
Massachusetts,27,4.260760958,21000
Minnesota,28,4.274638216,18000
Delaware,29,4.321874967,3000
Oklahoma,30,4.359725042,14000
North Dakota,31,4.385811586,2000
West Virginia,32,4.419896883,6000
Florida,33,4.535326733,64000
California,34,4.625460574,140000
Connecticut,35,4.639595161,13000
Idaho,36,4.646841263,7000
Illinois,37,4.666726976,47000
Rhode Island,38,4.689070325,3000
Maine,39,4.746754906,4000
Arizona,40,4.769366312,26000
District of Columbia,41,5.143210752,2000
Washington,42,5.180724175,28000
Nevada,43,5.195238999,12000
Oregon,44,5.304943479,16000
Wyoming,45,5.400402884,2000
Vermont,46,5.465448491,2000
South Dakota,47,5.586386863,4000
Colorado,48,5.597954012,24000
New Mexico,49,6.014429216,10000
Montana,50,6.295415565,5000
Alaska,51,6.539439208,4000
Youth Past Year Substance Use,,,
State,Rank,Percentage,Number
Utah,1,3.16,10000
Georgia,2,3.2,28000
Texas,3,3.24,80000
Maryland,4,3.26,15000
Mississippi,5,3.3,8000
Indiana,6,3.37,18000
New York,7,3.41,47000
New Jersey,8,3.42,23000
Pennsylvania,9,3.42,31000
Virginia,10,3.56,22000
North Carolina,11,3.57,28000
Louisiana,12,3.58,13000
Kansas,13,3.63,9000
Alabama,14,3.63,14000
Michigan,15,3.64,28000
Missouri,16,3.69,17000
Nebraska,17,3.69,6000
Kentucky,18,3.77,13000
Minnesota,19,3.86,17000
Connecticut,20,3.86,11000
Tennessee,21,3.91,20000
Massachusetts,22,3.92,19000
South Carolina,23,3.95,15000
Idaho,24,3.97,6000
Ohio,25,3.97,36000
Hawaii,26,4.04,4000
California,27,4.04,122000
Illinois,28,4.04,40000
Rhode Island,29,4.05,3000
Wisconsin,30,4.07,18000
Arizona,31,4.08,23000
West Virginia,32,4.08,5000
Arkansas,33,4.11,10000
Delaware,34,4.15,3000
Oklahoma,35,4.19,13000
Iowa,36,4.21,10000
Florida,37,4.34,62000
Alaska,38,4.37,3000
North Dakota,39,4.38,2000
New Hampshire,40,4.41,4000
Maine,41,4.59,4000
Wyoming,42,4.63,2000
Oregon,43,4.65,14000
South Dakota,44,4.78,3000
New Mexico,45,4.8,8000
Washington,46,5.01,27000
Nevada,47,5.09,12000
Colorado,48,5.12,22000
Montana,49,5.18,4000
District of Columbia,50,5.42,2000
Vermont,51,5.61,2000
National,52,3.83,954000
Did Not Receive Mental Health Services,,,
State,Rank,Percentage,Number
Rhode Island,1,39.5,4000
Connecticut,2,43.9,16000
Wisconsin,3,44.3,27000
Maine,4,45.3,7000
North Dakota,5,46.7,2000
Minnesota,6,47.5,27000
Ohio,7,48.6,63000
District of Columbia,8,48.7,1000
Virginia,9,51.3,44000
Maryland,10,52.5,33000
Louisiana,11,52.7,18000
Utah,12,53.8,24000
Pennsylvania,13,53.9,59000
West Virginia,14,54.2,10000
Massachusetts,15,54.5,38000
New Hampshire,16,54.7,7000
Indiana,17,54.8,40000
New York,18,55.1,83000
Vermont,19,55.3,3000
Colorado,20,55.6,30000
Oregon,21,55.6,27000
Idaho,22,55.7,13000
South Dakota,23,55.7,4000
Illinois,24,56.1,80000
Tennessee,25,57,37000
Florida,26,57.2,106000
Delaware,27,57.3,4000
New Jersey,28,57.8,40000
Hawaii,29,57.9,6000
Missouri,30,59,45000
Washington,31,59.1,40000
Iowa,32,59.8,20000
Michigan,33,59.8,64000
Arizona,34,60.2,38000
Arkansas,35,61.3,19000
Nevada,36,61.4,22000
New Mexico,37,61.4,16000
Kentucky,38,62,19000
Wyoming,39,62.5,4000
Montana,40,63.2,6000
Mississippi,41,63.7,16000
California,42,63.9,245000
Texas,43,65.4,180000
Alaska,44,65.6,5000
Oklahoma,45,65.8,28000
Alabama,46,67.5,26000
Kansas,47,70.8,22000
Georgia,48,70.9,67000
Nebraska,49,71.3,14000
South Carolina,50,73.7,33000
North Carolina,51,74.3,68000
Students Identified as SED (IEP),,,
State,Rank,Percentage,Number
Vermont,1,30.41,2233
Minnesota,2,20.69,16510
Massachusetts,3,19.51,16935
Wisconsin,4,16.18,*
Pennsylvania,5,15.76,25166
Maine,6,14.35,2328
Indiana,7,13.41,12838
Iowa,8,13.31,5896
New Hampshire,9,12.77,2095
Rhode Island,10,12.38,1615
District of Columbia,11,12.32,827
Connecticut,12,11.94,5691
North Dakota,13,11.85,1183
Illinois,14,10.19,18237
Nebraska,15,10.06,2846
Ohio,16,9.97,15377
South Dakota,17,9.89,1213
Oregon,18,9.81,5286
Delaware,19,9.25,1152
New York,20,9.15,22553
Missouri,21,8.66,7072
Michigan,22,8.45,11458
Virginia,23,8.38,9782
Maryland,24,7.64,6107
Mississippi,25,7.62,3326
Arizona,26,7.61,7742
Kentucky,27,7.45,4524
Oklahoma,28,6.89,4142
Colorado,29,6.88,5596
Wyoming,30,6.72,579
Texas,31,6.6,31519
Montana,32,6.5,881
Georgia,33,6.45,10286
Alaska,34,6.26,745
New Mexico,35,6.16,1853
New Jersey,36,5.98,7485
Hawaii,37,5.74,947
Florida,38,5.68,14604
Kansas,39,5.53,2436
Washington,40,5.25,5324
Idaho,41,4.95,1372
West Virginia,42,4.8,1133
Nevada,43,4.43,1959
California,44,4.42,25118
Tennessee,45,3.76,3381
North Carolina,46,3.72,5275
Utah,47,3.17,1918
South Carolina,48,3.04,2112
Louisiana,49,2.7,1715
Arkansas,50,2.42,1070
Alabama,51,2.09,1406
National,52,7.57,344473
Severe Major Depressive Episode,,,
State,Rank,Percentage,Number
Mississippi,1,6,14000
North Dakota,2,6,3000
Kentucky,3,6.3,21000
Delaware,4,6.6,4000
Iowa,5,6.9,17000
New Jersey,6,7,47000
South Dakota,7,7.3,5000
Louisiana,8,7.5,27000
New York,9,7.5,102000
Georgia,10,7.7,65000
Nebraska,11,7.7,12000
Kansas,12,7.8,18000
District of Columbia,13,7.9,2000
Alabama,14,8.1,29000
Vermont,15,8.2,3000
Colorado,16,8.3,35000
New Hampshire,17,8.3,8000
Arkansas,18,8.4,19000
Oklahoma,19,8.4,26000
Pennsylvania,20,8.6,77000
California,21,8.8,258000
Arizona,22,8.9,47000
South Carolina,23,8.9,32000
Hawaii,24,9,8000
Texas,25,9,211000
Michigan,26,9.1,68000
Virginia,27,9.1,55000
Montana,28,9.2,7000
Alaska,29,9.3,5000
North Carolina,30,9.8,75000
Ohio,31,9.9,87000
Florida,32,10,137000
Maryland,33,10,43000
Illinois,34,10.1,98000
Wyoming,35,10.1,4000
Connecticut,36,10.2,27000
Rhode Island,37,10.2,7000
Indiana,38,10.4,54000
Tennessee,39,10.4,52000
Massachusetts,40,10.5,50000
Minnesota,41,10.5,44000
New Mexico,42,10.5,17000
Utah,43,10.7,31000
Washington,44,10.7,56000
Wisconsin,45,10.8,47000
Missouri,46,11.3,51000
West Virginia,47,11.3,14000
Idaho,48,11.7,17000
Oregon,49,12.7,36000
Maine,50,13.1,12000
Nevada,51,13.2,28000
Received Some Consistent Treatment,,,
State,Rank,Percentage,Number
Maine,1,50,5000
Maryland,2,49.2,21000
Vermont,3,45.4,2000
Delaware,4,41.5,2000
Rhode Island,5,41.2,3000
Wisconsin,6,40.4,23000
Oregon,7,37.9,14000
Massachusetts,8,37.7,15000
District of Columbia,9,37.3,1000
Pennsylvania,10,37.1,23000
Wyoming,11,36.3,2000
Ohio,12,36,28000
Nebraska,13,35.9,5000
Idaho,14,35.8,6000
New Hampshire,15,34.9,3000
Kentucky,16,34.2,10000
Minnesota,17,33.7,13000
North Dakota,18,33,1000
New Jersey,19,32.5,16000
Louisiana,20,32,9000
Kansas,21,31.1,7000
Arkansas,22,30,7000
Alaska,23,29.9,2000
Michigan,24,29.8,24000
Montana,25,29.3,2000
South Dakota,26,29.2,1000
Iowa,27,28.8,7000
South Carolina,28,28.3,9000
Hawaii,29,28.3,2000
West Virginia,30,27.8,4000
Tennessee,31,27.3,12000
Washington,32,26.7,13000
Indiana,33,26.1,16000
Virginia,34,26.1,16000
Alabama,35,25.9,6000
Texas,36,25,54000
Illinois,37,25,26000
Arizona,38,24.7,15000
California,39,24.6,59000
Utah,40,24.5,8000
Oklahoma,41,23.5,8000
New Mexico,42,22.6,5000
New York,43,21.9,22000
North Carolina,44,21.9,21000
Connecticut,45,21.6,5000
Colorado,46,21.5,8000
Florida,47,19.7,24000
Georgia,48,19.2,15000
Missouri,49,19,9000
Mississippi,50,14.9,2000
Nevada,51,11.2,3000
National,52,27.3,614000
Youth with Severe MDE,,,
State,Rank,Percentage,Number
Mississippi,1,6.3,15000
Alabama,2,6.4,23000
District of Columbia,3,6.8,2000
Pennsylvania,4,7.1,64000
New York,5,7.8,105000
South Dakota,6,8,5000
New Jersey,7,8.1,54000
Hawaii,8,8.5,8000
North Dakota,9,8.5,4000
Massachusetts,10,8.5,40000
California,11,8.7,256000
Colorado,12,8.7,36000
New Hampshire,13,8.7,8000
Connecticut,14,9,24000
Nebraska,15,9,14000
Ohio,16,9.1,79000
Texas,17,9.2,219000
Louisiana,18,9.2,33000
Tennessee,19,9.2,46000
Florida,20,9.3,128000
Georgia,21,9.3,78000
Delaware,22,9.3,6000
Rhode Island,23,9.5,7000
Kentucky,24,9.6,31000
Iowa,25,9.8,23000
Maryland,26,9.8,42000
Minnesota,27,9.8,41000
South Carolina,28,9.8,36000
Kansas,29,9.9,23000
Virginia,30,10.2,62000
Washington,31,10.3,53000
Montana,32,10.4,8000
Missouri,33,10.4,47000
Alaska,34,10.7,6000
Arkansas,35,10.7,25000
Vermont,36,10.7,4000
Illinois,37,11,104000
Michigan,38,11.3,84000
Nevada,39,11.8,26000
Utah,40,11.9,36000
Wyoming,41,12,5000
West Virginia,42,12.5,15000
Arizona,43,12.5,66000
North Carolina,44,12.6,98000
Idaho,45,12.7,19000
Indiana,46,12.7,66000
Oklahoma,47,12.7,39000
Oregon,48,13.1,37000
New Mexico,49,13.1,21000
Wisconsin,50,13.4,58000
Maine,51,13.5,12000
National,52,9.7,2343000
Did Not Cover Mental or Emotional Problems,,,
State,Rank,Percentage,Number
Vermont,1,0.6,0
Massachusetts,2,1.2,4000
New Hampshire,3,2.5,1000
Connecticut,4,3.3,5000
Maine,5,3.4,2000
New Jersey,6,4,14000
District of Columbia,7,4.6,1000
Washington,8,5.2,16000
Rhode Island,9,5.3,2000
Montana,10,5.4,2000
South Dakota,11,5.4,2000
Michigan,12,5.5,23000
Wisconsin,13,5.5,16000
Ohio,14,5.9,26000
Missouri,15,5.9,14000
Alabama,16,5.9,7000
Pennsylvania,17,6.1,29000
Georgia,18,6.5,23000
Virginia,19,6.6,21000
Oregon,20,6.7,10000
Delaware,21,6.9,3000
Indiana,22,7.1,22000
Illinois,23,7.2,34000
Maryland,24,7.2,18000
West Virginia,25,7.2,4000
California,26,7.5,100000
Minnesota,27,7.5,20000
Mississippi,28,7.5,6000
Iowa,29,7.5,10000
Louisiana,30,7.6,10000
New Mexico,31,7.8,4000
Utah,32,7.8,16000
Oklahoma,33,7.9,11000
Kansas,34,7.9,9000
New York,35,8.3,49000
Colorado,36,8.3,17000
Hawaii,37,9.2,3000
Florida,38,9.4,52000
North Carolina,39,10,33000
Alaska,40,10.3,2000
Kentucky,41,11,17000
Texas,42,11.5,108000
Wyoming,43,12,3000
Arizona,44,12.1,32000
Nevada,45,12.6,13000
Nebraska,46,12.6,10000
Idaho,47,12.7,10000
North Dakota,48,13.5,5000
Tennessee,49,13.5,27000
Arkansas,50,14.4,13000
South Carolina,51,14.8,23000
National,52,7.8,901000
Individualized Education Program,,,
State,Rank,Percentage,Number
Vermont,1,27.72,2071
Minnesota,2,19.76,15666
Massachusetts,3,18.81,16338
Wisconsin,4,16.18,12217
Pennsylvania,5,15.5,24746
Maine,6,13.73,2243
Indiana,7,13.42,12798
Iowa,8,12.98,5741
District of Columbia,9,12.78,840
Rhode Island,10,12.49,1618
New Hampshire,11,12.32,2039
Connecticut,12,11.51,5526
North Dakota,13,10.86,1066
Illinois,14,10.17,18373
Ohio,15,9.8,15208
South Dakota,16,9.76,1184
Oregon,17,9.54,5122
Nebraska,18,9.5,2664
New York,19,9.49,23429
Virginia,20,8.39,9752
Delaware,21,8.32,1037
Michigan,22,8.26,11273
Missouri,23,8.25,6738
Mississippi,24,7.9,3487
Maryland,25,7.69,6085
Kentucky,26,7.35,4468
Arizona,27,7.31,7551
Colorado,28,6.9,5578
Oklahoma,29,6.78,4073
Georgia,30,6.7,10653
Wyoming,31,6.63,570
Montana,32,6.35,848
New Mexico,33,6.2,1889
New Jersey,34,6.12,7690
Texas,35,6.09,28884
Alaska,36,5.93,707
Hawaii,37,5.92,979
Florida,38,5.84,14933
Kansas,39,5.48,2409
Washington,40,5.11,5142
Idaho,41,4.95,1354
West Virginia,42,4.94,1180
Nevada,43,4.45,1931
California,44,4.36,24818
North Carolina,45,3.81,5394
Tennessee,46,3.72,3342
South Carolina,47,3.2,2208
Utah,48,3.17,1889
Louisiana,49,2.79,1773
Arkansas,50,2.24,988
Alabama,51,2.02,1365
Youth with past year Depression who did not receive treatment,,,
State,Rank,Percentage,Number
Maine,1,38.6,6000
District of Columbia,2,38.8,1000
Vermont,3,40.7,2000
Maryland,4,41.3,23000
Utah,5,45.2,22000
Washington,6,47,38000
Wisconsin,7,47.2,33000
Delaware,8,47.9,4000
Kentucky,9,49.3,19000
South Dakota,10,49.7,3000
Ohio,11,52.2,59000
Virginia,12,53,51000
Indiana,13,53,48000
Iowa,14,53,20000
North Dakota,15,53.4,3000
Rhode Island,16,53.4,5000
Oregon,17,53.9,30000
Kansas,18,54.7,19000
Louisiana,19,54.9,24000
Minnesota,20,55.4,32000
Nebraska,21,55.4,12000
Montana,22,55.6,5000
Michigan,23,55.7,66000
New Jersey,24,55.7,40000
Hawaii,25,56.2,5000
Wyoming,26,56.6,4000
New Hampshire,27,56.9,9000
Pennsylvania,28,57.5,56000
Alaska,29,57.8,5000
Missouri,30,58.8,40000
New York,31,59.1,85000
Connecticut,32,59.1,24000
West Virginia,33,59.3,11000
Arizona,34,59.6,52000
North Carolina,35,60.2,77000
Colorado,36,60.9,29000
Oklahoma,37,61.1,35000
Idaho,38,61.2,15000
Massachusetts,39,61.2,41000
Tennessee,40,61.5,35000
Illinois,41,62.1,90000
New Mexico,42,62.9,20000
Arkansas,43,63.9,23000
Florida,44,64.7,116000
California,45,66,259000
Mississippi,46,66.3,18000
Texas,47,67.1,209000
South Carolina,48,68,36000
Alabama,49,69.7,31000
Georgia,50,70.4,73000
Nevada,51,71,23000
National,52,59.60%,1988000
Ranking The States,,,
Adult Ranking,,,
State,Rank,,
Hawaii,1,,
Iowa,2,,
Minnesota,3,,
New York,4,,
Maryland,5,,
Michigan,6,,
New Jersey,7,,
Delaware,8,,
Pennsylvania,9,,
Connecticut,10,,
Illinois,11,,
Vermont,12,,
Ohio,13,,
Nebraska,14,,
Rhode Island,15,,
California,16,,
Maine,17,,
Arizona,18,,
Wisconsin,19,,
West Virginia,20,,
North Carolina,21,,
New Mexico,22,,
Massachusetts,23,,
Florida,24,,
Alabama,25,,
North Dakota,26,,
New Hampshire,27,,
Tennessee,28,,
Mississippi,29,,
Texas,30,,
Missouri,31,,
Kentucky,32,,
Colorado,33,,
South Dakota,34,,
South Carolina,35,,
Arkansas,36,,
Indiana,37,,
Oklahoma,38,,
Montana,39,,
Georgia,40,,
District of Columbia,41,,
Virginia,42,,
Kansas,43,,
Alaska,44,,
Louisiana,45,,
Washington,46,,
Nevada,47,,
Wyoming,48,,
Idaho,49,,
Utah,50,,
Oregon,51,,
Access to Care Map,,,
State,Rank,,
Vermont,1,,
Massachusetts,2,,
Rhode Island,3,,
Iowa,4,,
Maine,5,,
Wisconsin,6,,
Minnesota,7,,
Connecticut,8,,
District of Columbia,9,,
New Hampshire,10,,
Ohio,11,,
Maryland,12,,
Pennsylvania,13,,
Delaware,14,,
Michigan,15,,
New York,16,,
Colorado,17,,
North Dakota,18,,
Hawaii,19,,
Illinois,20,,
New Mexico,21,,
Indiana,22,,
Alaska,23,,
Oregon,24,,
Washington,25,,
Missouri,26,,
California,27,,
Montana,28,,
West Virginia,29,,
South Dakota,30,,
Kentucky,31,,
Idaho,32,,
New Jersey,33,,
Nebraska,34,,
Arkansas,35,,
Arizona,36,,
Virginia,37,,
Utah,38,,
Oklahoma,39,,
Florida,40,,
Louisiana,41,,
Tennessee,42,,
Kansas,43,,
North Carolina,44,,
Wyoming,45,,
Alabama,46,,
South Carolina,47,,
Mississippi,48,,
Nevada,49,,
Georgia,50,,
Texas,51,,
Prevalence of Mental Illness,,,
State,Rank,,
New Jersey,1,,
Mississippi,2,,
Texas,3,,
Georgia,4,,
New York,5,,
Hawaii,6,,
Pennsylvania,7,,
Alabama,8,,
Louisiana,9,,
North Carolina,10,,
Maryland,11,,
Florida,12,,
Nebraska,13,,
Delaware,14,,
North Dakota,15,,
South Carolina,16,,
Kentucky,17,,
Virginia,18,,
Michigan,19,,
Arizona,20,,
California,21,,
Tennessee,22,,
Illinois,23,,
Minnesota,24,,
Oklahoma,25,,
Kansas,26,,
Arkansas,27,,
Connecticut,28,,
South Dakota,29,,
Iowa,30,,
Missouri,31,,
New Hampshire,32,,
Indiana,33,,
Ohio,34,,
Wisconsin,35,,
District of Columbia,36,,
Rhode Island,37,,
New Mexico,38,,
West Virginia,39,,
Wyoming,40,,
Maine,41,,
Massachusetts,42,,
Vermont,43,,
Colorado,44,,
Nevada,45,,
Montana,46,,
Utah,47,,
Washington,48,,
Alaska,49,,
Idaho,50,,
Oregon,51,,
Youth Ranking,,,
State,Rank,,
District of Columbia,1,,
Pennsylvania,2,,
North Dakota,3,,
Rhode Island,4,,
Massachusetts,5,,
Wisconsin,6,,
Vermont,7,,
New Hampshire,8,,
Maryland,9,,
New Jersey,10,,
Delaware,11,,
Iowa,12,,
Connecticut,13,,
New York,14,,
Minnesota,15,,
Kentucky,16,,
Virginia,17,,
Ohio,18,,
Indiana,19,,
Michigan,20,,
Louisiana,21,,
Maine,22,,
Georgia,23,,
South Dakota,24,,
Hawaii,25,,
Missouri,26,,
Illinois,27,,
Texas,28,,
Mississippi,29,,
Arizona,30,,
Arkansas,31,,
Alabama,32,,
California,33,,
Colorado,34,,
Nebraska,35,,
Florida,36,,
Kansas,37,,
Tennessee,38,,
West Virginia,39,,
Oklahoma,40,,
Utah,41,,
New Mexico,42,,
Washington,43,,
North Carolina,44,,
Montana,45,,
Idaho,46,,
Oregon,47,,
South Carolina,48,,
Alaska,49,,
Wyoming,50,,
Nevada,51,,
Adult Data,,,
Adults with AMI who report unmet need for treatment,,,
State,Rank,Percentage,Number
Hawaii,1,12,23000
Alabama,2,18.7,153000
Texas,3,19.9,655000
Wyoming,4,19.9,18000
Minnesota,5,20.7,163000
New Mexico,6,20.8,61000
Tennessee,7,20.9,188000
Louisiana,8,21,155000
New York,9,21.4,585000
Massachusetts,10,21.6,263000
Florida,11,21.9,633000
Ohio,12,22.1,427000
Idaho,13,22.1,73000
Vermont,14,22.5,24000
California,15,22.8,1272000
Illinois,16,22.9,388000
West Virginia,17,22.9,84000
Delaware,18,23,35000
Georgia,19,23.1,317000
North Dakota,20,23.3,24000
Oklahoma,21,23.5,136000
Washington,22,23.7,310000
Mississippi,23,23.8,102000
Indiana,24,23.9,281000
Michigan,25,24.4,353000
New Jersey,26,24.4,262000
Alaska,27,24.4,26000
Kentucky,28,24.5,189000
Montana,29,24.6,41000
Maine,30,24.8,57000
New Hampshire,31,24.8,55000
Wisconsin,32,24.9,209000
Maryland,33,25.2,196000
Connecticut,34,25.4,135000
Iowa,35,25.5,117000
Arizona,36,25.8,259000
Arkansas,37,26,122000
Missouri,38,26.1,272000
Nevada,39,26.1,122000
Nebraska,40,26.2,63000
South Dakota,41,26.4,28000
North Carolina,42,26.5,391000
South Carolina,43,26.6,181000
Pennsylvania,44,26.8,480000
Rhode Island,45,27.9,50000
Colorado,46,28.2,263000
Virginia,47,28.6,309000
District of Columbia,48,29.4,38000
Utah,49,30.1,172000
Oregon,50,30.2,225000
Kansas,51,31.6,132000
National,52,23.6,111190
Mental Health Workforce Availability,,,
State,Rank,Percentage,Number
Massachusetts,1,,180
Oregon,2,,210
District of Columbia,3,,220
Maine,4,,220
Vermont,5,,230
Alaska,6,,260
New Mexico,7,,260
Oklahoma,8,,260
Rhode Island,9,,260
Connecticut,10,,270
Colorado,11,,300
California,12,,310
Washington,13,,310
Wyoming,14,,310
Utah,15,,330
Louisiana,16,,340
New Hampshire,17,,350
Montana,18,,360
New York,19,,370
Michigan,20,,400
Nebraska,21,,400
Delaware,22,,410
Hawaii,23,,430
Maryland,24,,430
Minnesota,25,,430
North Carolina,26,,440
Arkansas,27,,460
Ohio,28,,470
Illinois,29,,480
Kentucky,30,,490
New Jersey,31,,500
Idaho,32,,510
Nevada,33,,510
Kansas,34,,530
Pennsylvania,35,,530
Wisconsin,36,,530
Missouri,37,,550
North Dakota,38,,570
South Dakota,39,,590
South Carolina,40,,610
Virginia,41,,630
Florida,42,,670
Indiana,43,,670
Iowa,44,,700
Mississippi,45,,700
Tennessee,46,,700
Arizona,47,,790
Georgia,48,,790
West Virginia,49,,830
Texas,50,,960
Alabama,51,,1100
Adults with AMI who did not receive treatment,,,
State,Rank,Percentage,Number
Vermont,1,42.8,45000
Arkansas,2,47.5,221000
Rhode Island,3,49,89000
Wisconsin,4,49.2,412000
Massachusetts,5,49.5,597000
Delaware,6,49.7,75000
Iowa,7,49.8,231000
Maine,8,49.9,114000
Ohio,9,50.7,978000
Kentucky,10,50.9,392000
Colorado,11,50.9,475000
Kansas,12,51.1,213000
Utah,13,51.2,294000
South Carolina,14,51.4,349000
Tennessee,15,51.7,463000
New Hampshire,16,51.9,116000
West Virginia,17,52.2,193000
District of Columbia,18,52.2,68000
Minnesota,19,52.6,416000
Arizona,20,52.7,535000
Pennsylvania,21,53,953000
Nebraska,22,53,128000
Washington,23,53.5,704000
Idaho,24,53.5,177000
Michigan,25,53.8,779000
Connecticut,26,53.9,287000
Montana,27,54.2,89000
Virginia,28,54.5,589000
North Dakota,29,54.5,56000
South Dakota,30,54.8,57000
Missouri,31,55.3,576000
Illinois,32,55.8,946000
Indiana,33,55.9,653000
North Carolina,34,56.5,833000
New Mexico,35,56.6,167000
Alabama,36,56.7,463000
Mississippi,37,57.7,247000
Oklahoma,38,58.9,340000
Maryland,39,59.1,459000
Oregon,40,59.3,442000
Texas,41,59.6,1960000
New Jersey,42,60,644000
New York,43,60.3,1655000
Nevada,44,60.3,282000
Louisiana,45,62,459000
Florida,46,63,1816000
Wyoming,47,64.8,60000
Georgia,48,64.9,888000
California,49,65,3620000
Alaska,50,65.5,70000
Hawaii,51,65.8,124000
National,52,57,267970
Adults with Cognitive Disability who could not see a doctor due to cost,,,
State,Rank,Percentage,Number
District of Columbia,1,17.1,8373
Iowa,2,17.54,37774
Hawaii,3,17.63,16639
Massachusetts,4,18.56,109857
Vermont,5,19.02,9542
New York,6,20.97,314383
Delaware,7,20.98,18284
Ohio,8,21.02,236528
Connecticut,9,21.61,53913
Pennsylvania,10,22.48,277857
Montana,11,22.85,20088
North Dakota,12,23.74,12428
Minnesota,13,24.2,91135
Maine,14,24.37,33492
Washington,15,24.84,141746
Michigan,16,25.18,252279
New Jersey,17,25.19,177138
Nevada,18,25.27,76372
Rhode Island,19,25.71,26383
Kentucky,20,25.85,137755
West Virginia,21,25.99,65433
Oregon,22,26.03,108294
New Hampshire,23,26.91,28858
California,24,27.05,796447
Indiana,25,27.1,157334
Arizona,26,27.17,153262
Wyoming,27,27.44,12362
Colorado,28,27.45,88135
Maryland,29,27.45,111740
Louisiana,30,28.08,160506
Oklahoma,31,28.18,115914
Wisconsin,32,28.2,119187
New Mexico,33,28.23,54533
South Dakota,34,28.36,17869
Illinois,35,29.66,249140
Kansas,36,30.27,70938
Alaska,37,30.9,17348
Idaho,38,31.04,43794
Nebraska,39,31.66,39724
Tennessee,40,31.86,245411
Utah,41,31.92,75977
Missouri,42,32.87,190827
South Carolina,43,33.75,179775
Arkansas,44,34.16,111986
Virginia,45,34.24,223528
Texas,46,34.57,690102
Mississippi,47,35.2,130909
North Carolina,48,35.23,343530
Florida,49,35.36,754413
Alabama,50,36.7,212868
Georgia,51,41.92,410646
National,52,28.69,815377
Adult Ranking,,,
State,Rank,,
Hawaii,1,,
New York,2,,
New Jersey,3,,
Minnesota,4,,
Pennsylvania,5,,
Michigan,6,,
Maryland,7,,
New Mexico,8,,
Massachusetts,9,,
Vermont,10,,
Illinois,11,,
Connecticut,12,,
Delaware,13,,
Ohio,14,,
Texas,15,,
Kentucky,16,,
Arizona,17,,
Tennessee,18,,
Iowa,19,,
South Dakota,20,,
California,21,,
Nebraska,22,,
North Dakota,23,,
Wisconsin,24,,
Florida,25,,
Rhode Island,26,,
West Virginia,27,,
New Hampshire,28,,
Virginia,29,,
Arkansas,30,,
Maine,31,,
South Carolina,32,,
Louisiana,33,,
Montana,34,,
North Carolina,35,,
District of Columbia,36,,
Washington,37,,
Kansas,38,,
Indiana,39,,
Alabama,40,,
Oklahoma,41,,
Nevada,42,,
Georgia,43,,
Missouri,44,,
Mississippi,45,,
Wyoming,46,,
Idaho,47,,
Colorado,48,,
Oregon,49,,
Alaska,50,,
Utah,51,,
Adult Suicidal Ideation,,,
State,Rank,Percentage,Number
New Jersey,1,3.47,239000
New York,2,3.63,558000
Texas,3,3.66,756000
Florida,4,3.67,610000
Illinois,5,3.87,376000
Georgia,6,4.03,314000
Maryland,7,4.07,188000
California,8,4.1,1232000
Michigan,9,4.13,319000
Virginia,10,4.16,267000
District of Columbia,11,4.17,23000
Pennsylvania,12,4.17,416000
South Dakota,13,4.21,27000
New Mexico,14,4.25,67000
Nebraska,15,4.29,61000
Arizona,16,4.43,237000
Alabama,17,4.45,165000
Tennessee,18,4.48,230000
Connecticut,19,4.48,125000
Oklahoma,20,4.53,132000
North Carolina,21,4.57,358000
Louisiana,22,4.57,159000
Minnesota,23,4.59,195000
Hawaii,24,4.59,49000
Kentucky,25,4.65,157000
Nevada,26,4.65,107000
Rhode Island,27,4.66,39000
Arkansas,28,4.71,106000
Missouri,29,4.72,219000
Maine,30,4.81,52000
Mississippi,31,4.82,107000
Kansas,32,4.82,103000
South Carolina,33,4.9,189000
New Hampshire,34,4.91,53000
Massachusetts,35,4.92,268000
Wyoming,36,5.04,22000
Delaware,37,5.06,38000
North Dakota,38,5.11,29000
Wisconsin,39,5.17,231000
Ohio,40,5.18,461000
Montana,41,5.21,42000
Vermont,42,5.22,26000
Indiana,43,5.23,262000
West Virginia,44,5.26,75000
Washington,45,5.3,303000
Oregon,46,5.36,175000
Iowa,47,5.4,129000
Idaho,48,5.45,69000
Colorado,49,5.51,237000
Alaska,50,5.85,31000
Utah,51,6.47,141000
National,52,4.33,107700
Adults with Serious Thoughts of Suicide,,,
State,Rank,Percentage,Number
New Jersey,1,3.41%,235000
Florida,2,3.49%,569000
New York,3,3.68%,568000
Texas,4,3.72%,754000
Illinois,5,3.87%,376000
Alabama,6,3.89%,144000
Michigan,7,3.99%,306000
Maine,8,3.99%,43000
Maryland,9,4.00%,184000
Mississippi,10,4.01%,88000
New Mexico,11,4.01%,63000
Arizona,12,4.02%,211000
Missouri,13,4.04%,186000
California,14,4.04%,1205000
Nebraska,15,4.05%,57000
Connecticut,16,4.05%,113000
Hawaii,17,4.08%,43000
Oklahoma,18,4.10%,118000
District of Columbia,19,4.11%,23000
South Carolina,20,4.11%,156000
Delaware,21,4.16%,31000
Virginia,22,4.20%,268000
Louisiana,23,4.25%,147000
Pennsylvania,24,4.28%,426000
Georgia,25,4.38%,336000
Wyoming,26,4.39%,19000
South Dakota,27,4.40%,28000
Tennessee,28,4.50%,228000
Minnesota,29,4.52%,190000
Ohio,30,4.56%,404000
North Dakota,31,4.57%,26000
North Carolina,32,4.57%,352000
Massachusetts,33,4.57%,247000
Arkansas,34,4.59%,103000
Wisconsin,35,4.60%,204000
Nevada,36,4.62%,104000
Iowa,37,4.69%,111000
Kentucky,38,4.71%,158000
West Virginia,39,4.75%,68000
Rhode Island,40,4.78%,40000
Kansas,41,4.87%,104000
New Hampshire,42,4.89%,52000
Montana,43,4.91%,39000
Indiana,44,5.04%,251000
Washington,45,5.06%,283000
Oregon,46,5.18%,166000
Vermont,47,5.31%,27000
Alaska,48,5.34%,28000
Colorado,49,5.41%,229000
Idaho,50,5.60%,70000
Utah,51,5.99%,128000
National,52,4.19%,10308000
Adults with AMI Reproting Unmet Need,,,
State,Rank,Percentage,Number
Alabama,1,14.3,106000
Hawaii,2,14.7,25000
Iowa,3,18.2,82000
Texas,4,19.2,620000
Wyoming,5,19.2,17000
Minnesota,6,19.4,141000
Maine,7,19.7,39000
New York,8,20.1,536000
Louisiana,9,20.2,133000
Ohio,10,20.4,363000
West Virginia,11,20.4,70000
Vermont,12,20.7,21000
North Dakota,13,21.2,21000
Arizona,14,21.3,189000
Idaho,15,21.7,72000
South Dakota,16,21.7,24000
Delaware,17,21.8,29000
Illinois,18,21.8,331000
North Carolina,19,21.8,302000
California,20,21.9,1196000
Mississippi,21,21.9,92000
Alaska,22,22,23000
Florida,23,22,632000
Michigan,24,22,307000
Tennessee,25,22,208000
Wisconsin,26,22,178000
Colorado,27,22.2,186000
Massachusetts,28,22.3,262000
Oklahoma,29,22.4,129000
Georgia,30,22.5,309000
Maryland,31,22.6,180000
Nebraska,32,22.6,54000
Connecticut,33,22.9,113000
Kentucky,34,22.9,178000
New Jersey,35,22.9,254000
Montana,36,23.3,36000
New Mexico,37,23.8,65000
Rhode Island,38,24.3,39000
District of Columbia,39,24.5,30000
Washington,40,24.5,327000
Pennsylvania,41,24.7,435000
South Carolina,42,24.8,173000
Arkansas,43,25,119000
Missouri,44,25,238000
Indiana,45,25.2,272000
Kansas,46,25.9,109000
Virginia,47,28.3,337000
Oregon,48,28.5,224000
Nevada,49,28.6,121000
New Hampshire,50,28.8,57000
Utah,51,31.2,163000
Adult Prevalence Of Mental Illness,,,
State,Rank,Percentage,Number
New Jersey,1,16.14,1112000
Texas,2,16.21,3347000
Maryland,3,16.96,781000
Virginia,4,17.38,1115000
Florida,5,17.39,2889000
South Dakota,6,17.49,112000
Hawaii,7,17.58,187000
Illinois,8,18.06,1754000
Nebraska,9,18.08,257000
Georgia,10,18.09,1405000
Pennsylvania,11,18.23,1814000
New York,12,18.25,2802000
Tennessee,13,18.26,937000
South Carolina,14,18.31,706000
California,15,18.54,5566000
North Carolina,16,18.77,1469000
Connecticut,17,19.03,531000
Michigan,18,19.07,1469000
New Mexico,19,19.1,300000
North Dakota,20,19.13,108000
Arizona,21,19.24,1030000
Wisconsin,22,19.26,859000
Minnesota,23,19.32,819000
Mississippi,24,19.49,431000
Kansas,25,19.59,420000
Iowa,26,19.89,473000
Montana,27,20,163000
Delaware,28,20.03,149000
Arkansas,29,20.27,457000
Wyoming,30,20.34,88000
Oklahoma,31,20.43,592000
Alaska,32,20.5,108000
New Hampshire,33,20.56,221000
Louisiana,34,20.63,715000
Vermont,35,20.65,104000
Nevada,36,20.67,474000
Maine,37,20.82,223000
Massachusetts,38,21.22,1155000
Rhode Island,39,21.32,178000
Alabama,40,21.39,794000
Ohio,41,21.4,1906000
Missouri,42,21.44,993000
Colorado,43,21.5,924000
Kentucky,44,22.14,746000
District of Columbia,45,22.21,125000
Washington,46,22.23,1269000
Oregon,47,22.45,731000
Indiana,48,22.51,1129000
West Virginia,49,23.8,337000
Idaho,50,24.46,311000
Utah,51,25.25,550000
National,52,19,47132000
Disability Could Not See a Doctor Due to Costs,,,
State,Rank,Percentage,Number
Iowa,1,16.87,37908
Vermont,2,18.63,9188
Massachusetts,3,20.44,110799
Alaska,4,20.69,9859
Rhode Island,5,20.7,20592
Hawaii,6,20.86,19358
Ohio,7,22.23,239773
New York,8,22.35,315572
California,9,22.47,647176
Pennsylvania,10,22.97,254064
Connecticut,11,23.06,51647
New Hampshire,12,23.99,23315
Minnesota,13,24.81,98572
Montana,14,25.1,22931
Delaware,15,25.4,24687
Maryland,16,25.74,100730
District of Columbia,17,25.88,14059
Nebraska,18,26.66,33510
Kentucky,19,26.77,145055
Wisconsin,20,26.98,112237
Washington,21,27.19,158208
Michigan,22,27.29,280450
West Virginia,23,27.54,74517
North Dakota,24,27.67,12131
Colorado,25,27.72,102075
Oregon,26,28.37,103596
Idaho,27,28.49,33213
Indiana,28,28.78,167315
Illinois,29,29.06,237367
Maine,30,29.34,32555
Arizona,31,29.84,170006
Kansas,32,29.99,65857
South Dakota,33,30.13,18219
Nevada,34,30.76,77939
South Carolina,35,30.79,147202
Utah,36,31.19,70771
Arkansas,37,31.42,107117
New Mexico,38,31.51,61938
Missouri,39,32.21,195362
Tennessee,40,33.23,239969
Alabama,41,33.24,191499
North Carolina,42,33.36,290888
Florida,43,33.37,684912
Mississippi,44,33.97,113045
Wyoming,45,34.35,15974
Oklahoma,46,34.43,150379
Virginia,47,34.48,213282
New Jersey,48,35.07,245583
Georgia,49,36.06,322610
Louisiana,50,38.23,201908
Texas,51,41.03,983751
Adults with AMI who are Uninsured,,,
State,Rank,Percentage,Number
District of Columbia,1,2.5,3000
Vermont,2,3.9,4000
Massachusetts,3,4.2,51000
Connecticut,4,4.6,25000
Kentucky,5,4.8,37000
New York,6,5.1,139000
Rhode Island,7,5.8,11000
Pennsylvania,8,6,108000
Michigan,9,6.4,93000
New Mexico,10,6.4,19000
Hawaii,11,6.4,12000
Delaware,12,6.8,10000
Maryland,13,7,55000
Ohio,14,7.1,138000
Minnesota,15,7.3,58000
Wisconsin,16,7.4,62000
New Hampshire,17,7.5,17000
California,18,7.8,434000
South Dakota,19,8.2,9000
West Virginia,20,8.3,31000
Iowa,21,8.4,39000
New Jersey,22,8.8,94000
North Dakota,23,8.8,9000
Illinois,24,8.9,151000
Colorado,25,9,84000
Oregon,26,9,67000
Arizona,27,9.6,97000
Louisiana,28,9.7,72000
Nebraska,29,10.3,25000
Montana,30,10.3,17000
Nevada,31,10.5,51000
Washington,32,10.6,140000
Arkansas,33,10.9,51000
Indiana,34,11.4,134000
Alaska,35,11.6,12000
Utah,36,11.7,67000
Kansas,37,12.4,52000
South Carolina,38,12.5,85000
Maine,39,12.7,29000
Virginia,40,13.5,147000
Idaho,41,13.7,46000
North Carolina,42,13.8,204000
Oklahoma,43,15.9,92000
Missouri,44,16.2,169000
Florida,45,17.4,503000
Georgia,46,18.5,255000
Alabama,47,18.8,154000
Tennessee,48,19,171000
Texas,49,20.1,664000
Mississippi,50,22.2,95000
Wyoming,51,23,21000
National,52,10.8,511400
Adult Substance Use Disorder,,,
State,Rank,Percentage,Number
Texas,1,6.34,1308000
Utah,2,6.42,140000
Florida,3,6.68,1109000
West Virginia,4,6.76,96000
Georgia,5,6.77,526000
Mississippi,6,6.77,150000
Maryland,7,6.89,317000
North Carolina,8,6.95,544000
Tennessee,9,6.95,357000
New Jersey,10,7.01,483000
Hawaii,11,7.13,76000
Minnesota,12,7.24,307000
Wyoming,13,7.25,31000
Kansas,14,7.27,156000
Pennsylvania,15,7.3,727000
Virginia,16,7.32,470000
Arizona,17,7.36,394000
Indiana,18,7.39,371000
Kentucky,19,7.46,251000
Alabama,20,7.46,277000
Michigan,21,7.47,576000
New Mexico,22,7.53,118000
New York,23,7.57,1162000
Missouri,24,7.57,351000
South Carolina,25,7.6,293000
Ohio,26,7.64,680000
Idaho,27,7.76,99000
Nebraska,28,8.01,114000
Arkansas,29,8.02,181000
California,30,8.12,2437000
Illinois,31,8.16,793000
Washington,32,8.53,487000
Oklahoma,33,8.54,248000
Wisconsin,34,8.68,387000
Louisiana,35,8.69,301000
Delaware,36,8.76,65000
North Dakota,37,8.79,50000
Rhode Island,38,8.8,74000
Connecticut,39,8.82,246000
Nevada,40,9,206000
New Hampshire,41,9.09,98000
Iowa,42,9.13,217000
South Dakota,43,9.17,59000
Maine,44,9.27,99000
Massachusetts,45,9.34,508000
Montana,46,9.41,76000
Alaska,47,9.76,51000
Oregon,48,9.94,323000
Vermont,49,10.51,53000
Colorado,50,11.9,511000
District of Columbia,51,13.01,73000
National,52,7.67,19026000
All Data,,,
State,Rank,,
Vermont,1,,
Massachusetts,2,,
Maine,3,,
District of Columbia,4,,
Delaware,5,,
Minnesota,6,,
Wisconsin,7,,
Rhode Island,8,,
Ohio,9,,
New Hampshire,10,,
Maryland,11,,
Pennsylvania,12,,
Connecticut,13,,
Hawaii,14,,
Iowa,15,,
Washington,16,,
Michigan,17,,
Kentucky,18,,
Montana,19,,
New York,20,,
Oregon,21,,
South Dakota,22,,
New Jersey,23,,
North Dakota,24,,
New Mexico,25,,
Indiana,26,,
Louisiana,27,,
Illinois,28,,
Nebraska,29,,
West Virginia,30,,
Colorado,31,,
Utah,32,,
Oklahoma,33,,
California,34,,
Idaho,35,,
Kansas,36,,
Alaska,37,,
Wyoming,38,,
Virginia,39,,
Arizona,40,,
Missouri,41,,
Arkansas,42,,
Tennessee,43,,
North Carolina,44,,
South Carolina,45,,
Nevada,46,,
Alabama,47,,
Florida,48,,
Mississippi,49,,
Texas,50,,
Georgia,51,,
Workforce Need,,,
State,Rank,Percentage,Number
Massachusetts,1,,160:1
Oregon,2,,190:1
District of Columbia,3,,210:1
Maine,4,,210:1
Vermont,5,,220:1
Alaska,6,,230:1
Rhode Island,7,,240:1
Connecticut,8,,250:1
Oklahoma,9,,250:1
New Mexico,10,,260:1
Washington,11,,270:1
California,12,,280:1
Colorado,13,,280:1
Utah,14,,300:1
Wyoming,15,,300:1
Montana,16,,330:1
New Hampshire,17,,330:1
Louisiana,18,,340:1
New York,19,,350:1
Michigan,20,,370:1
Delaware,21,,380:1
Nebraska,22,,380:1
Maryland,23,,390:1
Hawaii,24,,400:1
Minnesota,25,,400:1
North Carolina,26,,410:1
Ohio,27,,410:1
Arkansas,28,,440:1
Illinois,29,,440:1
Kentucky,30,,440:1
New Jersey,31,,450:1
Nevada,32,,470:1
Idaho,33,,480:1
Pennsylvania,34,,480:1
Wisconsin,35,,490:1
Kansas,36,,510:1
Missouri,37,,510:1
North Dakota,38,,530:1
South Dakota,39,,550:1
South Carolina,40,,570:1
Virginia,41,,570:1
Florida,42,,620:1
Indiana,43,,620:1
Mississippi,44,,630:1
Iowa,45,,640:1
Tennessee,46,,660:1
Georgia,47,,730:1
Arizona,48,,750:1
West Virginia,49,,770:1
Texas,50,,880:1
Alabama,51,,990:1
Overall Ranking,,,
State,Rank,Percentage,Number
Vermont,1,,
Pennsylvania,2,,
Massachusetts,3,,
Maryland,4,,
New Jersey,5,,
New York,6,,
Minnesota,7,,
Hawaii,8,,
District of Columbia,9,,
Delaware,10,,
Ohio,11,,
Rhode Island,12,,
Connecticut,13,,
Maine,14,,
Michigan,15,,
South Dakota,16,,
Kentucky,17,,
New Hampshire,18,,
Wisconsin,19,,
Nebraska,20,,
Louisiana,21,,
Illinois,22,,
Iowa,23,,
North Dakota,24,,
California,25,,
Virginia,26,,
Texas,27,,
Tennessee,28,,
Kansas,29,,
Montana,30,,
Washington,31,,
Mississippi,32,,
Indiana,33,,
New Mexico,34,,
Florida,35,,
Alabama,36,,
Georgia,37,,
Missouri,38,,
West Virginia,39,,
Arizona,40,,
North Carolina,41,,
Arkansas,42,,
South Carolina,43,,
Wyoming,44,,
Oklahoma,45,,
Utah,46,,
Colorado,47,,
Oregon,48,,
Alaska,49,,
Idaho,50,,
Nevada,51,,
Prevalence of Mental Illness,,,
State,Rank,,
New Jersey,1,,
Texas,2,,
New York,3,,
Pennsylvania,4,,
Georgia,5,,
Maryland,6,,
Mississippi,7,,
Florida,8,,
Tennessee,9,,
Hawaii,10,,
Alabama,11,,
Virginia,12,,
Nebraska,13,,
California,14,,
South Dakota,15,,
Minnesota,16,,
South Carolina,17,,
Louisiana,18,,
Illinois,19,,
Connecticut,20,,
Michigan,21,,
Kansas,22,,
Kentucky,23,,
North Carolina,24,,
Delaware,25,,
North Dakota,26,,
Ohio,27,,
Rhode Island,28,,
Missouri,29,,
Massachusetts,30,,
Arkansas,31,,
Arizona,32,,
New Hampshire,33,,
District of Columbia,34,,
Wyoming,35,,
Iowa,36,,
Indiana,37,,
New Mexico,38,,
Wisconsin,39,,
Oklahoma,40,,
West Virginia,41,,
Montana,42,,
Nevada,43,,
Alaska,44,,
Maine,45,,
Washington,46,,
Utah,47,,
Colorado,48,,
Idaho,49,,
Vermont,50,,
Oregon,51,,
